cycle,stop_at,adv_started_at,on_until,writes,first_write_at,adv_to_first_write_s,note
1,2026-10-04T00:49:36.925,2026-10-04T00:49:52.000,2026-10-04T00:50:36.952,0,,,
2,2026-10-04T00:50:37.004,2026-10-04T00:50:52.071,2026-10-04T00:51:37.029,0,,,
3,2026-10-04T00:51:37.075,2026-10-04T00:51:52.158,2026-10-04T00:52:37.104,0,,,
4,2026-10-04T00:52:37.162,2026-10-04T00:52:52.220,2026-10-04T00:53:37.181,0,,,
5,2026-10-04T00:53:37.223,2026-10-04T00:53:52.288,2026-10-04T00:54:37.244,0,,,
6,2026-10-04T00:54:37.290,2026-10-04T00:54:52.412,2026-10-04T00:55:37.384,0,,,
7,2026-10-04T00:55:40.093,2026-10-04T00:55:55.753,2026-10-04T00:56:40.710,0,,,
8,2026-10-04T00:56:42.674,2026-10-04T00:56:58.265,2026-10-04T00:57:43.256,0,,,
9,2026-10-04T00:57:43.268,2026-10-04T00:57:58.335,2026-10-04T00:58:43.290,0,,,
10,2026-10-04T00:58:43.339,2026-10-04T00:58:58.403,2026-10-04T00:59:43.370,1,2026-10-04T00:59:11.665,13.262,
